Object,Index,nr_pix,rows_with_1,cols_with_1,rows_with_2,cols_with_2,rows_with_3p,cols_with_3p,height,width,aspect_ratio,maxrow,maxcol,connected_areas,eyes,hollowness,custom
banana,01,97.0,0,0,5,7,20,19,24,25,1.0416666666666667,7.0,11.0,1,1,1.402061855670103,0.16166666666666665
banana,02,101.0,0,0,7,8,19,20,25,27,1.08,11.0,10.0,1,1,1.801980198019802,0.14962962962962964
banana,03,98.0,0,1,1,14,20,15,20,29,1.45,9.0,8.0,1,1,1.2857142857142858,0.16896551724137931
banana,04,97.0,1,0,2,15,18,17,20,31,1.55,12.0,7.0,1,1,1.8350515463917525,0.15645161290322582
banana,05,83.0,1,1,0,14,17,14,17,28,1.6470588235294117,9.0,9.0,1,1,1.6867469879518073,0.17436974789915966
banana,06,89.0,0,0,1,14,19,15,19,28,1.4736842105263157,9.0,7.0,1,1,1.9438202247191012,0.16729323308270677
banana,07,89.0,1,1,0,8,20,19,20,27,1.35,7.0,7.0,1,1,1.6404494382022472,0.1648148148148148
banana,08,97.0,0,0,2,12,22,18,23,29,1.2608695652173914,12.0,8.0,1,1,1.4845360824742269,0.1454272863568216
banana,09,97.0,0,0,2,12,21,18,22,29,1.3181818181818181,8.0,8.0,1,1,1.5876288659793814,0.15203761755485892
banana,10,99.0,0,0,5,7,21,20,25,26,1.04,7.0,12.0,1,1,2.1717171717171717,0.1523076923076923
banana,11,93.0,0,1,7,11,19,15,25,26,1.04,10.0,12.0,1,1,2.2688172043010755,0.14307692307692307
banana,12,94.0,0,0,5,10,21,16,25,25,1.0,8.0,12.0,1,1,2.3191489361702127,0.1504
banana,13,93.0,0,1,4,11,19,17,22,28,1.2727272727272727,14.0,8.0,1,1,2.021505376344086,0.15097402597402598
banana,14,92.0,0,0,6,11,19,16,24,26,1.0833333333333333,8.0,11.0,1,1,2.260869565217391,0.14743589743589744
cherry,01,109.0,3,3,15,11,18,17,35,30,0.8571428571428571,10.0,10.0,1,1,4.889908256880734,0.10380952380952381
cherry,02,114.0,4,2,16,10,15,18,34,29,0.8529411764705882,14.0,9.0,1,1,4.131578947368421,0.11561866125760649
cherry,03,113.0,3,2,15,12,18,16,35,29,0.8285714285714286,10.0,10.0,1,1,4.601769911504425,0.11133004926108374
cherry,04,96.0,4,1,15,9,14,13,32,22,0.6875,10.0,12.0,1,1,3.7395833333333335,0.13636363636363635
cherry,05,109.0,4,0,12,10,17,17,32,26,0.8125,12.0,12.0,1,1,4.201834862385321,0.1310096153846154
cherry,06,101.0,4,2,17,10,13,17,33,28,0.8484848484848485,11.0,8.0,1,1,4.198019801980198,0.10930735930735931
cherry,07,102.0,3,3,18,8,13,17,33,27,0.8181818181818182,9.0,10.0,1,1,4.205882352941177,0.11447811447811448
cherry,08,100.0,3,3,15,6,15,17,32,25,0.78125,12.0,12.0,1,1,3.51,0.125
cherry,09,96.0,8,5,16,10,11,12,34,26,0.7647058823529411,8.0,11.0,1,1,3.4791666666666665,0.1085972850678733
cherry,10,96.0,3,1,13,7,14,17,29,24,0.8275862068965517,9.0,8.0,1,1,3.5833333333333335,0.13793103448275862
cherry,11,92.0,3,4,10,6,15,15,27,24,0.8888888888888888,10.0,8.0,1,1,2.847826086956522,0.1419753086419753
cherry,12,90.0,2,3,20,12,10,12,31,26,0.8387096774193549,10.0,11.0,1,1,4.288888888888889,0.11166253101736973
cherry,13,83.0,5,1,16,6,9,15,29,21,0.7241379310344828,8.0,9.0,1,1,3.6626506024096384,0.13628899835796388
cherry,14,87.0,5,0,16,9,10,16,30,24,0.8,9.0,7.0,1,1,4.482758620689655,0.12083333333333333
lemon,01,102.0,0,1,2,6,15,24,16,30,1.875,13.0,6.0,2,1,2.127450980392157,0.2125
lemon,02,108.0,0,0,0,9,20,22,19,30,1.5789473684210527,12.0,7.0,2,1,2.5925925925925926,0.18947368421052632
lemon,03,128.0,0,0,4,5,20,29,23,33,1.434782608695652,10.0,7.0,2,1,2.953125,0.1686429512516469
lemon,04,115.0,0,0,1,7,19,26,19,32,1.6842105263157894,10.0,5.0,2,1,2.626086956521739,0.18914473684210525
lemon,05,133.0,0,0,2,8,22,30,23,37,1.608695652173913,10.0,7.0,2,1,3.56390977443609,0.1562867215041128
lemon,06,121.0,0,0,4,9,21,25,24,33,1.375,9.0,6.0,2,1,3.371900826446281,0.1527777777777778
lemon,07,132.0,0,0,1,9,22,29,22,37,1.6818181818181819,14.0,8.0,2,1,3.257575757575758,0.16216216216216217
lemon,08,95.0,0,0,1,6,17,22,17,27,1.588235294117647,9.0,6.0,2,1,2.6736842105263157,0.20697167755991286
lemon,09,122.0,0,0,3,5,20,28,22,32,1.4545454545454546,12.0,6.0,2,1,2.9754098360655736,0.17329545454545456
lemon,10,127.0,0,0,3,8,23,29,25,36,1.44,13.0,7.0,2,1,4.031496062992126,0.1411111111111111
lemon,11,109.0,0,0,4,5,18,24,21,28,1.3333333333333333,12.0,7.0,2,1,2.7889908256880735,0.18537414965986396
lemon,12,124.0,0,0,3,7,23,26,25,32,1.28,9.0,8.0,2,1,3.7661290322580645,0.155
lemon,13,126.0,0,0,5,4,22,29,26,32,1.2307692307692308,8.0,8.0,2,1,3.761904761904762,0.15144230769230768
lemon,14,106.0,0,0,4,4,20,23,23,26,1.1304347826086956,12.0,9.0,2,1,3.4339622641509435,0.17725752508361203
tree,01,127.0,0,7,15,0,20,23,34,29,0.8529411764705882,16.0,9.0,1,0,0.0,0.12880324543610547
tree,02,132.0,0,6,15,4,18,23,32,32,1.0,23.0,9.0,1,0,0.0,0.12890625
tree,03,136.0,0,5,14,0,20,31,33,35,1.0606060606060606,16.0,9.0,1,0,0.0,0.11774891774891776
tree,04,127.0,0,5,12,0,19,25,30,29,0.9666666666666667,20.0,9.0,1,0,0.0,0.14597701149425288
tree,05,125.0,0,5,15,0,16,25,30,29,0.9666666666666667,22.0,10.0,1,0,0.0,0.14367816091954022
tree,06,121.0,0,14,15,0,16,21,30,34,1.1333333333333333,18.0,11.0,1,0,0.0,0.11862745098039215
tree,07,133.0,0,11,16,2,18,23,33,35,1.0606060606060606,20.0,11.0,1,0,0.0,0.11515151515151516
tree,08,115.0,0,12,10,0,17,21,26,32,1.2307692307692308,19.0,8.0,1,0,0.0,0.13822115384615385
tree,09,123.0,0,7,14,0,14,25,27,31,1.1481481481481481,16.0,11.0,1,0,0.0,0.14695340501792115
tree,10,116.0,0,7,10,1,18,21,27,28,1.037037037037037,16.0,11.0,1,0,0.0,0.15343915343915343
tree,11,128.0,0,8,16,1,15,23,30,31,1.0333333333333334,19.0,12.0,1,0,0.0,0.13763440860215054
tree,12,120.0,0,7,15,0,16,22,30,28,0.9333333333333333,21.0,10.0,1,0,0.0,0.14285714285714285
tree,13,116.0,0,6,16,0,13,24,28,29,1.0357142857142858,14.0,11.0,1,0,0.0,0.14285714285714285
tree,14,123.0,0,6,20,0,12,26,31,31,1.0,22.0,10.0,1,0,0.0,0.1279916753381894
envelope,01,121.0,0,0,3,0,15,27,17,26,1.5294117647058822,25.0,17.0,1,2,2.603305785123967,0.2737556561085973
envelope,02,114.0,0,0,6,0,10,25,15,24,1.6,25.0,16.0,1,2,2.508771929824561,0.31666666666666665
envelope,03,115.0,0,0,5,0,12,25,16,24,1.5,24.0,16.0,1,2,2.5043478260869567,0.2994791666666667
envelope,04,123.0,0,0,6,0,12,27,17,26,1.5294117647058822,25.0,16.0,1,2,2.5528455284552845,0.27828054298642535
envelope,05,104.0,0,2,6,0,11,22,16,23,1.4375,23.0,16.0,1,2,2.4134615384615383,0.2826086956521739
envelope,06,112.0,0,0,4,0,12,25,15,24,1.6,24.0,13.0,1,2,2.375,0.3111111111111111
envelope,07,125.0,0,0,6,1,11,27,16,27,1.6875,25.0,16.0,1,2,2.648,0.28935185185185186
envelope,08,147.0,0,0,6,0,14,33,19,32,1.6842105263157894,28.0,12.0,1,2,3.258503401360544,0.24177631578947367
envelope,09,137.0,1,0,7,0,12,31,19,30,1.5789473684210527,23.0,18.0,1,2,3.1094890510948905,0.24035087719298245
envelope,10,146.0,0,1,7,0,15,32,21,32,1.5238095238095237,28.0,15.0,1,2,3.5342465753424657,0.21726190476190477
envelope,11,158.0,0,0,7,0,15,35,21,34,1.619047619047619,35.0,21.0,1,2,3.7721518987341773,0.22128851540616246
envelope,12,134.0,0,0,7,0,12,30,18,29,1.6111111111111112,23.0,16.0,1,2,2.7611940298507465,0.2567049808429119
envelope,13,131.0,0,0,7,0,11,30,17,29,1.7058823529411764,30.0,18.0,1,2,3.015267175572519,0.2657200811359026
envelope,14,135.0,0,0,7,0,13,30,19,29,1.5263157894736843,29.0,20.0,1,2,3.1555555555555554,0.24500907441016334
golfclub,01,111.0,1,1,2,1,22,28,24,29,1.2083333333333333,10.0,8.0,1,1,0.24324324324324326,0.15948275862068967
golfclub,02,104.0,1,1,8,4,20,26,28,30,1.0714285714285714,12.0,6.0,3,1,0.5,0.12380952380952381
golfclub,03,118.0,0,1,10,0,23,30,32,30,0.9375,12.0,6.0,1,1,0.4491525423728814,0.12291666666666666
golfclub,04,121.0,0,0,6,2,26,30,31,31,1.0,11.0,7.0,3,1,0.4214876033057851,0.1259105098855359
golfclub,05,113.0,0,0,12,4,20,25,31,28,0.9032258064516129,12.0,10.0,3,1,0.6637168141592921,0.13018433179723501
golfclub,06,136.0,0,1,3,2,29,30,31,32,1.032258064516129,11.0,11.0,3,1,0.6985294117647058,0.13709677419354838
golfclub,07,123.0,0,0,9,3,24,30,32,32,1.0,12.0,6.0,3,1,0.5528455284552846,0.1201171875
golfclub,08,123.0,1,1,8,4,24,28,32,32,1.0,11.0,10.0,1,1,0.43902439024390244,0.1201171875
golfclub,09,115.0,1,0,7,3,22,28,29,30,1.0344827586206897,10.0,6.0,3,1,0.5130434782608696,0.13218390804597702
golfclub,10,124.0,1,0,4,0,26,33,30,32,1.0666666666666667,9.0,6.0,3,1,0.5161290322580645,0.12916666666666668
golfclub,11,121.0,0,0,2,7,27,29,28,35,1.25,12.0,6.0,2,1,0.47107438016528924,0.12346938775510204
golfclub,12,106.0,1,0,4,14,23,20,27,33,1.2222222222222223,10.0,6.0,2,2,0.5,0.11896745230078563
golfclub,13,105.0,1,0,2,7,23,25,25,31,1.24,11.0,6.0,3,1,0.4095238095238095,0.13548387096774195
golfclub,14,117.0,1,1,2,8,24,27,26,35,1.3461538461538463,11.0,8.0,2,1,0.5213675213675214,0.12857142857142856
pencil,01,131.0,0,0,4,4,23,25,26,28,1.0769230769230769,10.0,9.0,1,2,1.0381679389312977,0.17994505494505494
pencil,02,125.0,0,0,2,1,24,26,25,26,1.04,10.0,9.0,1,2,1.328,0.19230769230769232
pencil,03,125.0,0,0,2,6,27,25,28,30,1.0714285714285714,7.0,8.0,1,2,1.352,0.1488095238095238
pencil,04,137.0,0,0,5,4,25,28,29,31,1.0689655172413792,10.0,9.0,1,2,1.5401459854014599,0.15239154616240266
pencil,05,111.0,1,0,3,12,23,18,26,29,1.1153846153846154,8.0,9.0,1,2,1.2342342342342343,0.14721485411140584
pencil,06,107.0,0,0,11,2,21,21,31,22,0.7096774193548387,7.0,9.0,1,2,1.3364485981308412,0.15689149560117302
pencil,07,95.0,0,0,2,3,19,22,20,24,1.2,8.0,7.0,1,2,1.2105263157894737,0.19791666666666666
pencil,08,114.0,1,0,1,8,23,22,24,29,1.2083333333333333,10.0,10.0,1,1,1.394736842105263,0.16379310344827586
pencil,09,106.0,0,2,1,3,24,24,24,28,1.1666666666666667,8.0,7.0,1,2,1.2169811320754718,0.15773809523809523
pencil,10,124.0,0,0,1,4,22,28,22,31,1.4090909090909092,9.0,8.0,1,2,0.9112903225806451,0.18181818181818182
pencil,11,108.0,0,1,0,7,23,24,22,31,1.4090909090909092,9.0,7.0,1,2,1.2407407407407407,0.15835777126099707
pencil,12,107.0,0,2,1,7,22,22,22,30,1.3636363636363635,9.0,7.0,1,2,1.2710280373831775,0.1621212121212121
pencil,13,108.0,1,1,0,2,20,26,20,28,1.4,9.0,8.0,1,2,1.0833333333333333,0.19285714285714287
pencil,14,116.0,0,1,1,7,20,23,20,30,1.5,9.0,7.0,1,2,1.0086206896551724,0.19333333333333333
wineglass,01,77.0,11,3,9,8,8,12,27,22,0.8148148148148148,19.0,11.0,1,0,0.0,0.12962962962962962
wineglass,02,97.0,10,2,14,9,9,14,32,24,0.75,19.0,12.0,1,0,0.0,0.12630208333333334
wineglass,03,93.0,8,1,18,11,7,10,32,21,0.65625,19.0,18.0,1,0,0.0,0.13839285714285715
wineglass,04,89.0,10,1,15,12,6,8,30,20,0.6666666666666666,20.0,15.0,1,0,0.0,0.14833333333333334
wineglass,05,86.0,8,0,19,12,5,6,31,17,0.5483870967741935,15.0,17.0,1,0,0.0,0.16318785578747627
wineglass,06,106.0,10,6,20,14,6,8,35,27,0.7714285714285715,24.0,16.0,1,0,0.0,0.11216931216931217
wineglass,07,89.0,8,0,20,8,5,9,32,16,0.5,12.0,24.0,1,0,0.0,0.173828125
wineglass,08,91.0,7,1,22,13,6,8,34,21,0.6176470588235294,17.0,21.0,1,0,0.0,0.12745098039215685
wineglass,09,73.0,4,0,17,8,8,6,28,13,0.4642857142857143,7.0,20.0,1,0,0.0,0.20054945054945056
wineglass,10,88.0,9,0,19,13,6,9,33,21,0.6363636363636364,18.0,14.0,1,0,0.0,0.12698412698412698
wineglass,11,85.0,6,1,22,10,5,7,32,17,0.53125,13.0,24.0,1,0,0.0,0.15625
wineglass,12,76.0,6,6,19,11,5,4,29,20,0.6896551724137931,12.0,18.0,1,0,0.0,0.1310344827586207
wineglass,13,84.0,9,1,16,9,6,9,30,18,0.6,16.0,18.0,1,0,0.0,0.15555555555555556
wineglass,14,88.0,10,5,16,12,5,6,30,22,0.7333333333333333,23.0,19.0,1,0,0.0,0.13333333333333333
